Código,Nome,Enderezo,Concello,Provincia,Cód. postal,Teléfono,Tipo de centro,COORDENADA_X,COORDENADA_Y,TITULARIDADE,ENSINO_CONCERTADO,DEPENDENTE
27000010,CEIP Aquilino Iglesia Alvariño,Praza do Concello s/n,Abadín,Lugo,27730,982870044,CEIP,43.363883972168,-7.47536468505859,Pública,Non,Si
27000198,CEIP Plurilingüe de Antas de Ulla,Rúa Miguel Ángel Blanco s/n,Antas de Ulla,Lugo,27570,982829210,CEIP,42.7846908569336,-7.89009857177734,Pública,Non,Si
27000319,CEIP Plurilingüe Concepción López Rey,"Rúa Doutor Nogueira, s/n (O Cadavo)",Baleira,Lugo,27130,982870067,CEIP,43.0135459899902,-7.24675464630127,Pública,Non,Si
27000541,CEIP San Miguel de Reinante Barreiros,O Souto s/n,Barreiros,Lugo,27793,982870085,CEIP,43.543140411377,-7.19203758239746,Pública,Non,Si
27000617,CFEA de Becerreá,Paraxe Penamaior s/n,Becerreá,Lugo,27695,982828367,CFEA,42.8631134033203,-7.1864800453186,Pública,Non,Non
27000629,CEIP Plurilingüe San Xoán,Rúa Castelo s/n,Becerreá,Lugo,27640,982828162,CEIP,42.859504699707,-7.16528558731079,Pública,Non,Si
27000897,CEIP Plurilingüe Virxe do Corpiño,Rúa Igrexa,Begonte,Lugo,27373,982870089,CEIP,43.1488418579101,-7.67859601974487,Pública,Non,Si
27001087,CEIP Rosalía de Castro,Casas Novas S/N,Bóveda,Lugo,27340,982870095,CEIP,42.6292839050293,-7.47936344146729,Pública,Non,Si
27001269,ESMU Municipal de Guitiriz,Rúa Ferrol s/n,Guitiriz,Lugo,27300,982370109,ESMU,43.1814575195312,-7.90184783935547,Pública,Non,Non
27001440,CEIP Xosé Luís Taboada,A Barrela,Carballedo,Lugo,27520,982870140,CEIP,42.5364761352539,-7.81153154373169,Pública,Non,Si
27001609,CEIP Ramón Falcón,Avenida Alcalde Emilio Sinde Nieto s/n,Castro de Rei,Lugo,27250,982870170,CEIP,43.2058868408203,-7.39520835876465,Pública,Non,Si
27001816,CEIP Veleiro-Docampo,Avenida da Terra Cha (Castro Ribeiras de Lea),Castro de Rei,Lugo,27260,982828125,CEIP,43.1483497619629,-7.49011182785034,Pública,Non,Si
27002249,CPI Plurilingüe de Castroverde,Rúa dos Nenos s/n,Castroverde,Lugo,27120,982870175,CPI,43.0309104919434,-7.3233757019043,Pública,Non,Si
27002353,CPI de Cervantes,Rúa dos Colexios s/n,Cervantes,Lugo,27664,982828940,CPI,42.8685684204101,-7.0628399848938,Pública,Non,Si
27002584,CEIP Plurilingüe Virxe do Carme,"Rúa das Escolas, s/n (Os Castros)",Burela,Lugo,27880,982870120,CEIP,43.6665687561035,-7.36193418502808,Pública,Non,Si
27002997,CPI Plurilingüe Virxe do Monte,Feira do Monte,Cospeito,Lugo,27377,982870262,CPI,43.2344665527344,-7.55930709838867,Pública,Non,Si
27003126,CEIP Plurilingüe Xoán de Requeixo,Rúa Uxío Novoneyra s/n,Chantada,Lugo,27500,982828138,CEIP,42.6124801635742,-7.77447271347046,Pública,Non,Si
27003151,IES Lama das Quendas,Rúa Uxío Novoneyra,Chantada,Lugo,27500,982870223,IES,42.6125411987305,-7.77578830718994,Pública,Non,Si
27003175,IES Val do Asma,Avenida de Monforte s/n,Chantada,Lugo,27500,982870236,IES,42.607967376709,-7.75765657424927,Pública,Non,Si
27003655,CPI Poeta Uxío Novoneyra,Seoane,Folgoso do Courel,Lugo,27324,982828168,CPI,42.6359176635742,-7.15430974960327,Pública,Non,Si
27003850,CEIP Plurilingüe Santa María,Rúa Enrique Saavedra s/n,A Fonsagrada,Lugo,27100,982828173,CEIP,43.1315002441406,-7.06684827804565,Pública,Non,Si
27004428,CEIP Plurilingüe de Foz nº 1,Rúa Salvador de Madariaga s/n,Foz,Lugo,27780,982870322,CEIP,43.569034576416,-7.25621747970581,Pública,Non,Si
27004453,CPR Plurilingüe Martínez Otero,Rúa Alcalde Maañon 12,Foz,Lugo,27780,982140028,CPR,43.566593170166,-7.25859928131104,Privada,Si,Non
27004465,CPR Plurilingüe Nuestra Señora del Pilar,Rúa Virgen del Pilar 27,Foz,Lugo,27780,982140196,CPR,43.56884765625,-7.2600154876709,Privada,Si,Non
27004519,CEIP Fondo Nois,"Rúa Nois, 2 (Fondo de Nois)",Foz,Lugo,27893,982870331,CEIP,43.6190872192383,-7.32071924209595,Pública,Non,Si
27004635,CPI Plurilingüe Dr. López Suárez,Praza de España s/n,Friol,Lugo,27220,982828180,CPI,43.0297317504883,-7.79018640518189,Pública,Non,Si
27005020,CEIP Plurilingüe Lagostelle,"Rúa O Ferrol, s/n (Guitiriz)",Guitiriz,Lugo,27300,982870356,CEIP,-7.901809216,43.18144989,Pública,Non,Si
27005056,CEIP Plurilingüe Santo Estevo de Parga,Rúa CERRADURA s/n,Guitiriz,Lugo,27305,982870352,CEIP,43.162109375,-7.8412127494812,Pública,Non,Si
27005263,CEIP Plurilingüe de Lousada,Lousada,Guntín,Lugo,27185,982870366,CEIP,42.8960380554199,-7.58979940414429,Pública,Non,Si
27005469,CEIP Ricardo Gasset,"Est. de Foilebar, s/n (A Cruz do Incio)",O Incio,Lugo,27346,982870605,CEIP,42.657470703125,-7.35937356948853,Pública,Non,Si
27005691,CEIP Plurilingüe Pedro Caselles Rollán,Rúa Agramonte 23,Xove,Lugo,27870,982870985,CEIP,43.6857643127441,-7.50444555282593,Pública,Non,Si
27005913,CPI Ramón Piñeiro,"Praza dos Reis, s/n (A Pobra de San Xiao)",Láncara,Lugo,27360,982870370,CPI,42.8637924194336,-7.44365692138672,Pública,Non,Si
27006000,CEIP Juan Rey,Campo do Tremoal s/n,Lourenzá,Lugo,27760,982870383,CEIP,43.4687156677246,-7.29667615890503,Pública,Non,Si
27006048,CEIP Plurilingüe de Nadela,Campo da Feira (Nadela),Lugo,Lugo,27160,982870456,CEIP,-7.50369453399998,42.970897675,Pública,Non,Si
27006164,CEIP Albeiros,Rúa Garaballa de Arriba 9,Lugo,Lugo,27003,982870463,CEIP,43.0302963256836,-7.5634970664978,Pública,Non,Si
27006218,CPR Plurilingüe Cervantes,Camiño DE PIPIN 25,Lugo,Lugo,27004,982218711,CPR,43.0220642089844,-7.56599378585815,Privada,Si,Non
27006231,CPR Plurilingüe Divina Pastora,Praza da Milagrosa 10,Lugo,Lugo,27003,982214957,CPR,43.0193176269531,-7.56491327285767,Privada,Si,Non
27006243,CPR María Auxiliadora,Avenida RAMÓN FERREIRO 30,Lugo,Lugo,27002,982284369,CPR,-7.55249977199998,43.002914429,Privada,Si,Non
27006255,CPR Plurilingüe Divino Maestro,Rúa Portugal 45,Lugo,Lugo,27004,982216844,CPR,-7.56733799,43.014949799,Privada,Si,Non
27006279,CPR Fingoi,Avenida Aviacion Española 37,Lugo,Lugo,27002,982221630,CPR,42.9982299804687,-7.55396413803101,Privada,Non,Non
27006280,CPR Plurilingüe Padres Franciscanos,Praza Maior 26,Lugo,Lugo,27001,982227107,CPR,43.0094184875488,-7.55631399154663,Privada,Si,Non
27006292,CEIP As Gándaras,Rúa VIRXE DA SOIDADE s/n,Lugo,Lugo,27003,982870504,CEIP,43.0268707275391,-7.55142021179199,Pública,Non,Si
27006322,CPR Plurilingüe La Inmaculada,Rúa Angel Lopez Perez 2,Lugo,Lugo,27002,982280392,CPR,43.008243560791,-7.55519914627075,Privada,Si,Non
27006334,CEIP das Mercedes,Rúa Camiño de Montiron 28,Lugo,Lugo,27002,982829203,CEIP,43.0025749206543,-7.54846572875977,Pública,Non,Si
27006358,CPR Plurilingüe La Milagrosa,Praza de Ferrol 21,Lugo,Lugo,27001,982242010,CPR,43.0138740539551,-7.55767631530762,Privada,Si,Non
27006371,CEIP Anexa,Avenida Ramon Ferreiro 6,Lugo,Lugo,27002,982870440,CEIP,43.0055809020996,-7.55568599700928,Pública,Non,Si
27006383,CEIP A Ponte,Paseo de Alvaro Cunqueiro,Lugo,Lugo,27004,982828569,CEIP,42.9992141723633,-7.56150341033936,Pública,Non,Si
27006395,CEIP Plurilingüe Benigno Quiroga Ballesteros,Rúa Bolaño Rivadeneira s/n,Lugo,Lugo,27001,982828190,CEIP,43.0133781433105,-7.5586462020874,Pública,Non,Si
27006401,CEIP Sagrado Corazón,Rúa Venancio Senra s/n,Lugo,Lugo,27003,982870467,CEIP,43.0187606811523,-7.54985475540161,Pública,Non,Si
27006425,CPR Seminario Diocesano-San Lorenzo,Rúa Anxo López Pérez s/n,Lugo,Lugo,27002,982220100,CPR,43.0073547363281,-7.5553092956543,Privada,Si,Non
27006437,CPR Plurilingüe San José,Rúa Santiago 2,Lugo,Lugo,27004,982221501,CPR,43.008373260498,-7.55989742279053,Privada,Si,Non
27006449,CEIP Rosalía de Castro,Rúa Cambria s/n,Lugo,Lugo,27002,982870390,CEIP,43.0041084289551,-7.55228614807129,Pública,Non,Si
27006516,CIFP Politécnico de Lugo,Rúa Armando Duran 3,Lugo,Lugo,27002,982220328,CIFP,43.0048751831055,-7.55835771560669,Pública,Non,Si
27006528,CIFP As Mercedes,Avenida de Madrid 75,Lugo,Lugo,27002,982828001,CIFP,42.9987449645996,-7.54610538482666,Pública,Non,Si
27006531,IES Lucus Augusti,Avenida Rodriguez Mourelo s/n,Lugo,Lugo,27002,982828020,IES,43.0066070556641,-7.55676984786987,Pública,Non,Si
27006541,IES Nosa Sra. dos Ollos Grandes,Avenida Ramón Ferreiro s/n,Lugo,Lugo,27002,982870003,IES,43.0063171386719,-7.55626535415649,Pública,Non,Si
27006553,IES Xoán Montes,Rúa Montevideo,Lugo,Lugo,27001,982870407,IES,43.0120468139648,-7.56190872192383,Pública,Non,Si
27006589,EASD Ramón Falcón,PASEO dos Estudantes s/n,Lugo,Lugo,27002,982220792,EASD,42.9982986450195,-7.54275274276733,Pública,Non,Si
27006735,CEIP Plurilingüe Poeta Avelino Díaz,Rúa Federico González López s/nº,Meira,Lugo,27240,982870535,CEIP,43.2143630981445,-7.29614496231079,Pública,Non,Si
27006954,CEIP Plurilingüe Álvaro Cunqueiro Mora,Avenida Buenos Aires s/n,Mondoñedo,Lugo,27740,982870553,CEIP,43.4310760498047,-7.35890865325928,Pública,Non,Si
27006966,IES Plurilingüe San Rosendo,Avenida As San Lucas 33,Mondoñedo,Lugo,27740,982870539,IES,43.4280662536621,-7.36829614639282,Pública,Non,Si
27007132,ESMU Municipal de Chantada,Praza de Galicia 1,Chantada,Lugo,27500,982440011,ESMU,42.6095504760742,-7.7685227394104,Pública,Non,Non
27007211,CPR Plurilingüe Fundación Educativa Torre de Lemos,Rúa Santo Domingo s/n,Monforte de Lemos,Lugo,27400,982400350,CPR,42.5239105224609,-7.51276016235352,Privada,Si,Non
27007223,CPR Plurilingüe Real Colegio Padres Escolapios,Campo de la Compañia 50,Monforte de Lemos,Lugo,27400,982400450,CPR,42.5184783935547,-7.51641798019409,Privada,Si,Non
27007235,CPR Ferroviario,Rúa A Coruña 14,Monforte de Lemos,Lugo,27400,982400780,CPR,42.5290870666504,-7.5066499710083,Privada,Si,Non
27007247,IES Francisco Daviña Rey,Rúa Doutor Casares 63-67,Monforte de Lemos,Lugo,27400,982828200,IES,42.5250282287598,-7.51197719573975,Pública,Non,Si
27007259,IES Río Cabe,Rúa San Pedro s/n,Monforte de Lemos,Lugo,27400,982828034,IES,42.5262298583984,-7.507896900177,Pública,Non,Si
27007260,CFEA de Monforte de Lemos,Rúa Alfredo Brañas s/n,Monforte de Lemos,Lugo,27400,982889103,CFEA,42.5078010559082,-7.49850177764893,Pública,Non,Non
27007788,CPI Plurilingüe de Navia de Suarna,Rúa Pallarón s/n,Navia de Suarna,Lugo,27650,982870601,CPI,42.966136932373,-7.00299549102783,Pública,Non,Si
27007892,CEIP de Negueira de Muñiz,Negueira s/n,Negueira de Muñiz,Lugo,27113,982108122,CEIP,43.1346206665039,-6.89383554458618,Pública,Non,Si
27007958,CPI Luís Díaz Moreno,Estrada de Aranza s/n,Baralla,Lugo,27680,982870071,CPI,42.8920440673828,-7.2563624382019,Pública,Non,Si
27008148,CEIP das Nogais,Rúa San Andres s/n,As Nogais,Lugo,27677,982870062,CEIP,-7.10736799199998,42.81035614,Pública,Non,Si
27008513,CEIP Laverde Ruíz,Estrada Nacional VI,Outeiro de Rei,Lugo,27150,982828931,CEIP,43.1053428649902,-7.61401462554932,Pública,Non,Si
27009050,CEIP Plurilingüe Monte Baliño,Estrada de Escairon s/n,Pantón,Lugo,27430,982828215,CEIP,-7.63423776600001,42.510215759,Pública,Non,Si
27009347,CEIP Plurilingüe San Miguel,Rúa da Veiga 6,Paradela,Lugo,27611,982870631,CEIP,42.7631530761719,-7.56313943862915,Pública,Non,Si
27009463,CEIP de Bretoña,A Igrexa,A Pastoriza,Lugo,27746,982870030,CEIP,43.3401679992676,-7.31469488143921,Pública,Non,Si
27009608,CEIP O Salvador,Pastoriza (O Salvador),A Pastoriza,Lugo,27287,982870025,CEIP,43.3017120361328,-7.34918832778931,Pública,Non,Si
27010064,CEIP Plurilingüe Rosalía de Castro,Avenida Rio Azumara s/n,Pol,Lugo,27270,982870641,CEIP,43.1346244812012,-7.35340166091919,Pública,Non,Si
27010155,CEIP Plurilingüe da Pobra de Brollón,Rúa Outeiro s/n,A Pobra do Brollón,Lugo,27330,982870637,CEIP,42.5496253967285,-7.3942985534668,Pública,Non,Si
27010325,CEIP Plurilingüe da Pontenova,Rúa Escolas s/n,A Pontenova,Lugo,27720,982828880,CEIP,43.3525085449219,-7.19290161132813,Pública,Non,Si
27010520,CEIP Plurilingüe Virxe da Luz,Rúa do Miño s/n,Portomarín,Lugo,27170,982870645,CEIP,42.8085136413574,-7.61431932449341,Pública,Non,Si
27010891,CEIP Plurilingüe Gregorio Sanz,Avenida Luarca 1,Ribadeo,Lugo,27700,982870704,CEIP,43.5352096557617,-7.05205345153809,Pública,Non,Si
27010911,CPR Plurilingüe Sagrado Corazón de Jesús,Rúa Carlos III 4,Ribadeo,Lugo,27700,982128415,CPR,43.5387229919434,-7.04498815536499,Privada,Si,Non
27010921,CFEA Pedro Murias,Vilaframil,Ribadeo,Lugo,27797,982828550,CFEA,43.5466499328613,-7.12055683135986,Pública,Non,Non
27011032,CEIP de San Clodio,"Estrada de San Pedro, s/n (San Clodio)",Ribas de Sil,Lugo,27310,982828219,CEIP,42.4652214050293,-7.28561115264893,Pública,Non,Si
27011287,CEIP de Riotorto,As Rodrigas,Riotorto,Lugo,27744,982870712,CEIP,43.3408546447754,-7.26402807235718,Pública,Non,Si
27011615,Cen. Pub. Mestre José Rábade Arias,Avenida de Portugal s/n,Rábade,Lugo,27370,982828584,Cen. Pub.,43.1276969909668,-7.64301300048828,Pública,Non,Non
27011639,CEIP Otero Pedrayo,Rúa Rosalia de Castro s/n,Rábade,Lugo,27370,982870661,CEIP,43.122688293457,-7.63176679611206,Pública,Non,Si
27011718,CPR Belarmino Fernández Iglesias,Lugar Pazo de Ribas 66,Sober,Lugo,27466,982460469,CPR,-7.61822175999998,42.463989258,Privada,Si,Non
27011743,CEIP Plurilingüe Antonio Fernández López,Oural,Sarria,Lugo,27392,982870832,CEIP,42.6972618103027,-7.43448257446289,Pública,Non,Si
27011767,CEMU Profesional  Cantiga,Avenida da Merced 58,Sarria,Lugo,27600,630773232,CEMU,42.7784423828125,-7.42056751251221,Privada,Non,Non
27011974,CPR Plurilingüe Ntra. Sra. de la Asunción,Rúa DA ASUNCION 34,Sarria,Lugo,27600,982531981,CPR,42.7832336425781,-7.41132974624634,Privada,Si,Non
27011998,CPR Plurilingüe La Merced,Avenida da Merce 58,Sarria,Lugo,27600,982532357,CPR,-7.420923233,42.778553009,Privada,Si,Non
27012012,CEIP Frei Luís de Granada,Praza de Galicia,Sarria,Lugo,27600,982870838,CEIP,42.7748527526855,-7.40790462493897,Pública,Non,Si
27012024,EFOG de Sarria,Praza da Galicia s/n,Sarria,Lugo,27600,-,EFOG,42.7747802734375,-7.40793943405151,Pública,Non,Non
27012036,IES Gregorio Fernández,Rúa Castelao s/n,Sarria,Lugo,27600,982870790,IES,42.7719535827637,-7.40750360488892,Pública,Non,Si
27012048,IES Xograr Afonso Gómez de Sarria,"Rúa Ánxel Fole, s/n (Zona escolar)",Sarria,Lugo,27600,982870801,IES,42.7734832763672,-7.40762519836426,Pública,Non,Si
27012450,CPI Plurilingüe Dr. López Suárez,"Rúa Rosalia de Castro, s/n (Escairón)",O Saviñao,Lugo,27540,982828224,CPI,42.5871620178223,-7.63797664642334,Pública,Non,Si
27012474,CEIP Plurilingüe Virxe do Carme,"Camiño do Pazo, s/n (Sober)",Sober,Lugo,27460,982870841,CEIP,-7.58229589500002,42.461681366,Pública,Non,Si
27012504,CPI San Tomé do Carballo,Rúa do Conde s/n,Taboada,Lugo,27550,982870851,CPI,42.7211723327637,-7.76062870025635,Pública,Non,Si
27012607,CEIP Plurilingüe Celso Currás,Rúa Serra da Cadeira s/n,Trabada,Lugo,27765,982870856,CEIP,43.4468421936035,-7.19485425949097,Pública,Non,Si
27012826,CEIP Plurilingüe Santa María do Valadouro,"Rúa Deputacion, 7 - Ferreira",O Valadouro,Lugo,27770,982828872,CEIP,43.5529251098633,-7.44434261322022,Pública,Non,Si
27012887,CEIP do Vicedo,Rúa MAXISTERIO,O Vicedo,Lugo,27860,982870610,CEIP,43.7333030700684,-7.66468334197998,Pública,Non,Si
27013296,CEIP Manuel Mato Vizoso,Rúa Cuart de Poblet s/n,Vilalba,Lugo,27800,982870888,CEIP,43.2926025390625,-7.68200492858887,Pública,Non,Si
27013314,IES Santiago Basanta Silva,Cidade Cultural M. Fraga Iribarne,Vilalba,Lugo,27800,982870872,IES,43.2935905456543,-7.68097496032715,Pública,Non,Si
27013326,IES Lois Peña Novo,Rúa Quart de Poblet s/n,Vilalba,Lugo,27800,982870860,IES,43.293041229248,-7.68322944641113,Pública,Non,Si
27013338,CEIP Antonio Insua Bermúdez,Rúa QUART DE POBLET s/n,Vilalba,Lugo,27800,982828151,CEIP,43.2925148010254,-7.68334865570068,Pública,Non,Si
27013387,CEIP de Celeiro,Rúa San Pantaleón s/n,Viveiro,Lugo,27863,982870953,CEIP,43.6772880554199,-7.58640813827515,Pública,Non,Si
27013624,CPR Plurilingüe Landro,Rúa Nicolas Cora 60,Viveiro,Lugo,27850,982560906,CPR,43.6613998413086,-7.59278678894043,Privada,Si,Non
27013636,IES María Sarmiento,Rúa Misericordia 58,Viveiro,Lugo,27850,982870916,IES,43.6678009033203,-7.60139131546021,Pública,Non,Si
27013648,IES Vilar Ponte,Rúa Antonio Ledesma 20,Viveiro,Lugo,27850,982870901,IES,43.6672515869141,-7.60047912597656,Pública,Non,Si
27013673,CEIP de Casás,Rúa Orquidea 63,Lugo,Lugo,27004,982870483,CEIP,43.0139427185059,-7.57416772842407,Pública,Non,Si
27013697,CEIP Plurilingüe Eloísa Rivadulla,Avenida de Monforte s/n,Chantada,Lugo,27500,982828133,CEIP,42.6080207824707,-7.75909852981567,Pública,Non,Si
27013703,CEIP de Quiroga,Rúa Río Lor,Quiroga,Lugo,27320,982828237,CEIP,42.4739379882813,-7.26756763458252,Pública,Non,Si
27013855,CPR Radio ECCA,Garaballa de Arriba s/n,Lugo,Lugo,27003,982210602,CPR,43.0299339294434,-7.56357192993164,Privada,Non,Non
27013922,CEIP Plurilingüe do Castro de Ouro,A Seara s/n,Alfoz,Lugo,27776,982870048,CEIP,43.5270195007324,-7.41918325424194,Pública,Non,Si
27013934,IES Perdouro,Rúa do Instituto s/n,Burela,Lugo,27880,982870102,IES,43.6520767211914,-7.35693454742432,Pública,Non,Si
27013958,IES Monte Castelo,Rúa do Ril s/n,Burela,Lugo,27880,982828241,IES,43.6513633728027,-7.35670900344849,Pública,Non,Si
27014008,CPI Plurilingüe Tino Grandío,Estrada Guntín s/n,Guntín,Lugo,27211,982870363,CPI,42.8855895996094,-7.69648599624634,Pública,Non,Si
27014033,EEI Fingoi nº 2,Travesa Rua Erin 7,Lugo,Lugo,27002,982870460,EEI,43.0007858276367,-7.5495171546936,Pública,Non,Si
27014057,CEE Santa María,Rúa Da Luz 1,Lugo,Lugo,27002,982829220,CEE,42.9957046508789,-7.54641675949097,Pública,Non,Si
27014070,CEIP Plurilingüe de Palas de Rei,Rúa Ourense s/n,Palas de Rei,Lugo,27200,982870628,CEIP,42.8685646057129,-7.86647033691406,Pública,Non,Si
27014082,EEI Xela Arias,Rúa Marques de Ugena,Sarria,Lugo,27600,982530047,EEI,42.7797088623047,-7.41561317443848,Pública,Non,Si
27014094,EEI de Vilalba,Rúa Quart de Poblet s/n,Vilalba,Lugo,27800,982828155,EEI,43.2928161621094,-7.68429279327393,Pública,Non,Si
27014100,EEI San Roque,Rúa Benito Galceran 26/28,Viveiro,Lugo,27850,982870957,EEI,43.6646270751953,-7.59333896636963,Pública,Non,Si
27014240,CEIP de Samos,Samos (Santa Xertrude),Samos,Lugo,27620,982828259,CEIP,42.736385345459,-7.32517194747925,Pública,Non,Si
27014665,CEIP Luís Pimentel,Rúa Gallego Tato (xornalista) 5,Lugo,Lugo,27003,982828600,CEIP,-7.57184600800002,43.025344849,Pública,Non,Si
27014793,CEIP Paradai,Rúa Alexandre Boveda s/n,Lugo,Lugo,27003,982870429,CEIP,43.0225257873535,-7.55931234359741,Pública,Non,Si
27014811,IES Plurilingüe Fontem Albei,Rúa Marmoiral s/n,A Fonsagrada,Lugo,27100,982828263,IES,43.1323089599609,-7.06626892089844,Pública,Non,Si
27014847,CEIP Plurilingüe do Corgo,Estrada Nacional VI s/n,O Corgo,Lugo,27163,982829215,CEIP,42.9368057250976,-7.40924835205078,Pública,Non,Si
27014859,CEIP Plurilingüe de Xermade,Avenida das Pontes s/n,Xermade,Lugo,27833,982870970,CEIP,43.3565788269043,-7.81452751159668,Pública,Non,Si
27014860,CEIP Plurilingüe A Gándara,Avenida Mª PAZ DE TOR s/n,Monforte de Lemos,Lugo,27400,982870563,CEIP,42.5312461853027,-7.53297328948975,Pública,Non,Si
27015189,IES de Quiroga,Rúa Pereiro s/n,Quiroga,Lugo,27320,982828274,IES,42.4737892150879,-7.26923274993897,Pública,Non,Si
27015301,CEIP de Cervo,"Lugar PEDROUZO, S/N (CERVO)",Cervo,Lugo,27891,982870207,CEIP,43.6716575622559,-7.41318607330322,Pública,Non,Si
27015311,IES A Pinguela,Estrada de Sober s/n,Monforte de Lemos,Lugo,27400,982828051,IES,-7.52585458800002,42.511955261,Pública,Non,Si
27015360,CEE Infanta Elena,Rúa Camiño Real s/n,Monforte de Lemos,Lugo,27400,982403303,CEE,42.532844543457,-7.53166437149048,Pública,Non,Si
27015724,CEIP Monseivane,Lugar Lanzós (San Martiño),Vilalba,Lugo,27816,982870895,CEIP,43.3653755187988,-7.63584136962891,Pública,Non,Si
27015751,CEIP Plurilingüe Vista Alegre,Rúa Maestro Don Camilo s/n,Burela,Lugo,27880,982870116,CEIP,43.650089263916,-7.35591506958008,Pública,Non,Si
27015761,IES Ánxel Fole,Rúa Angelo Colocci s/n,Lugo,Lugo,27003,982870991,IES,43.0242118835449,-7.57075500488281,Pública,Non,Si
27015773,IES Muralla Romana,"Rúa Angelo Colocci, s/n",Lugo,Lugo,27003,982828081,IES,43.024055480957,-7.57119989395142,Pública,Non,Si
27015785,CEIP de Currelos,Vilaesteva (San Salvador),O Saviñao,Lugo,27547,982828284,CEIP,42.6774749755859,-7.64418840408325,Pública,Non,Si
27015827,CEIP Terra Chá,Román (Santalla),Vilalba,Lugo,27841,982511402,CEIP,43.2948226928711,-7.57531213760376,Pública,Non,Si
27015876,CEIP Antía Cal Vázquez,Rúa Margarida s/n,Muras,Lugo,27836,982870596,CEIP,43.4688568115234,-7.72454452514648,Pública,Non,Si
27015891,"IES da Terra Chá, José Trapero Pardo","Avenida da Terra Cha, s/n (Castro)",Castro de Rei,Lugo,27260,982870144,IES,43.1470603942871,-7.49062633514404,Pública,Non,Si
27015955,EOI de Lugo,Ronda Xosé Castiñeiras 1,Lugo,Lugo,27002,982829230,EOI,42.9999694824219,-7.54576206207275,Pública,Non,Si
27015967,CPI Uxío Novoneira,Estrada de Cervantes s/n,Pedrafita do Cebreiro,Lugo,27670,982870633,CPI,42.7286262512207,-7.02303266525269,Pública,Non,Si
27015979,CEIP Eduardo Cela Vila,Rúa do Castro s/n,Triacastela,Lugo,27630,982828289,CEIP,42.7579956054688,-7.23763608932495,Pública,Non,Si
27016170,CEIP Plurilingüe Santa Rita,Lugar Trabe s/n,Viveiro,Lugo,27867,982870937,CEIP,43.6321487426758,-7.61418533325195,Pública,Non,Si
27016200,IES Poeta Díaz Castro,"Rúa Xermade, s/n (Guitiriz)",Guitiriz,Lugo,27300,982870342,IES,43.1864967346191,-7.89890432357788,Pública,Non,Si
27016224,CEIP de San Cosme,Covas 96,Barreiros,Lugo,27790,982870081,CEIP,43.5431365966797,-7.23490476608276,Pública,Non,Si
27016248,IES de Monterroso,Rúa Salvador Arotzarena,Monterroso,Lugo,27560,982870573,IES,42.7972984313965,-7.83418560028076,Pública,Non,Si
27016251,CMUS Profesional de  Vilalba,Rúa As Pedreiras s/n,Vilalba,Lugo,27800,982512888,CMUS,43.2992668151855,-7.68279075622559,Pública,Non,Non
27016261,CEMU Profesional  Adagio,Campo da Compañía 50,Monforte de Lemos,Lugo,27400,982400677,CEMU,42.5179061889648,-7.51698923110962,Privada,Non,Non
27016285,CMUS Profesional de Viveiro,Rúa da Marina s/n,Viveiro,Lugo,27850,982560486,CMUS,43.6605987548828,-7.59722852706909,Pública,Non,Non
27016297,IES Enrique Muruais,Zona escolar s/n,A Pontenova,Lugo,27720,982870033,IES,43.3541564941406,-7.19299793243408,Pública,Non,Si
27016303,IES Pedregal de Irimia,Rúa Federico González López s/n,Meira,Lugo,27240,982870520,IES,43.2151069641113,-7.29583406448364,Pública,Non,Si
27016315,IES de Becerreá,Rúa Castelo s/n,Becerreá,Lugo,27640,982828292,IES,42.8588142395019,-7.16605806350708,Pública,Non,Si
27016352,IES do Camiño,Praza Ulloa s/n,Palas de Rei,Lugo,27200,982870619,IES,42.8691215515137,-7.86736440658569,Pública,Non,Si
27016388,CEIP Plurilingüe de Muimenta,Rúa Valmaior s/n,Cospeito,Lugo,27377,982870273,CEIP,43.2517280578613,-7.43064975738525,Pública,Non,Si
27016391,CEIP O Cantel,Rúa Pintor Laxeiro s/n,Foz,Lugo,27780,982870314,CEIP,43.5732498168945,-7.25827217102051,Pública,Non,Si
27016406,CEIP Plurilingüe de Covas,Rúa Granxas s/n,Viveiro,Lugo,27868,982870948,CEIP,43.6685791015625,-7.60933589935303,Pública,Non,Si
27016421,EOI de Monforte de Lemos,Rúa Calvo Sotelo 65,Monforte de Lemos,Lugo,27400,982828991,EOI,42.5252723693848,-7.50549650192261,Pública,Non,Si
27016431,CPR Dobao Imagen,Ronda das Fontiñas 222,Lugo,Lugo,27002,982240314,CPR,43.005069732666,-7.54737663269043,Privada,Non,Non
27016455,IES Sanxillao,Avenida DAS FONTIÑAS 171,Lugo,Lugo,27002,982828088,IES,-7.54659891099999,43.00491333,Pública,Non,Si
27016467,CEIP Menéndez Pelayo,Rúa Serra de Outes s/n,Lugo,Lugo,27004,982870452,CEIP,-7.57049417500002,43.015476227,Pública,Non,Si
27016492,CEIP Plurilingüe do Páramo,Zona O Paramo S/N,O Páramo,Lugo,27363,982828305,CEIP,42.8440208435059,-7.49751853942871,Pública,Non,Si
27016509,IES Marqués de Sargadelos,Rúa A Veiga (San Cibrao) s/n,Cervo,Lugo,27890,982870193,IES,-7.43764782,43.691436768,Pública,Non,Si
27016546,ESMU Municipal de Ribadeo,Rúa CLEMENTE MARTINEZ PASARON 10,Ribadeo,Lugo,27700,982130856,ESMU,43.5346794128418,-7.04036664962769,Pública,Non,Non
27016558,CMUS Profesional Xoán Montes,Rúa Castiñeira 5,Lugo,Lugo,27002,982250563,CMUS,42.9994201660156,-7.54683494567871,Pública,Non,Si
27016561,EMUSPR de Antas de Ulla,Rúa Miguel Angel Blanco 16,Antas de Ulla,Lugo,27570,982379057,EMUSPR,42.784236907959,-7.88979291915894,Privada,Non,Non
27016571,ESMU Municipal de Foz,Avenida da Ribeira s/n,Foz,Lugo,27780,604032350,ESMU,43.5693130493164,-7.25580167770386,Pública,Non,Non
27016595,ESMU Municipal de Monforte de Lemos,Praza de España 3,Monforte de Lemos,Lugo,27400,982402498,ESMU,42.5281524658203,-7.51180934906006,Pública,Non,Non
27016601,ESMU Municipal O Barrido,Avenida do Generalisimo s/n,Paradela,Lugo,27611,982541101,ESMU,42.7668113708496,-7.56782913208008,Pública,Non,Non
27016613,IES Río Miño,Rúa Rosalia de Castro s/n,Rábade,Lugo,27370,982870652,IES,-7.63060808199998,43.122745514,Pública,Non,Si
27016625,IES Illa de Sarón,Rúa Agramonte,Xove,Lugo,27870,982870973,IES,43.6863975524902,-7.50329208374023,Pública,Non,Si
27016637,ESMU Municipal de Sober,Praza do Concello s/n - Casa da Cultura,Sober,Lugo,27460,982460513,ESMU,42.4622573852539,-7.58662796020508,Pública,Non,Non
27016649,IES Alfoz - Valadouro,Estr. Mondoñedo-Ferreira do Valadouro,Alfoz,Lugo,27774,982870051,IES,43.5434494018555,-7.42240715026856,Pública,Non,Si
27016662,CEIP Plurilingüe de Monforte de Lemos,Rúa Emilia Casas Baamonde s/n,Monforte de Lemos,Lugo,27400,982828310,CEIP,42.5282096862793,-7.51157188415527,Pública,Non,Si
27016674,CEP Luís Tobío,Avenida Martin Ledesma s/n,Viveiro,Lugo,27850,982870942,CEP,-7.60015726099999,43.664260864,Pública,Non,Si
27016704,IES Leiras Pulpeiro,Rúa Orquídea 45,Lugo,Lugo,27004,982870419,IES,-7.57396532400003,43.012920486,Pública,Non,Si
27016716,IES Fonmiñá,Avenida Doutor Cabaneiro s/n,A Pastoriza,Lugo,27287,982870015,IES,43.298942565918,-7.33929109573364,Pública,Non,Si
27016728,CEIP Illa Verde,Rúa Roi Xordo 2,Lugo,Lugo,27002,982828143,CEIP,43.0003204345703,-7.55097627639771,Pública,Non,Si
27016731,ESMU Municipal de Burela,Rúa DO CANCELO 33,Burela,Lugo,27880,982580720,ESMU,43.6589851379395,-7.36318969726563,Pública,Non,Non
27020513,CMUS Profesional Mestre Ibáñez,Monforte de Lemos,Monforte de Lemos,Lugo,27400,982403893,CMUS,42.5281524658203,-7.51177501678467,Pública,Non,Non
27020525,ESMU Municipal de Sarria,"Rúa  Marqués de Ugena, s/n - Casa da cultura 00",Sarria,Lugo,27600,,ESMU,42.7799568176269,-7.41645908355713,Pública,Non,Non
27020549,ESMU Municipal de Ribas de Sil,"Rúa  Colexios, s/n 00",Ribas de Sil,Lugo,27310,982428237,ESMU,42.466968536377,-7.28713703155518,Pública,Non,Non
27020550,ESMU Municipal O Pallarego,"Praza DO CONCELLO, CASA DO CONCELLO",Mondoñedo,Lugo,27740,982521901,ESMU,43.4296379089355,-7.36404752731323,Pública,Non,Non
27020562,IES de Foz,Rúa Castelao s/n,Foz,Lugo,27780,982870287,IES,43.5651168823242,-7.26774549484253,Pública,Non,Si
27020586,CPR Galén,Calzada XIÁN 8,Lugo,Lugo,27296,982265205,CPR,43.0209007263184,-7.5854697227478,Privada,Non,Non
27020598,CEMU Profesional Fingoi,"Avenida  Aviación Española, 37 00",Lugo,Lugo,27003,982221630,CEMU,42.9982261657715,-7.55392694473267,Privada,Non,Non
27020604,EMUSPR Cantarela,Rúa Xian s/n,Lugo,Lugo,27003,982652061,EMUSPR,43.0207939147949,-7.58563041687012,Privada,Non,Non
27020616,CPR Attelier,"Rúa  Concepción Arenal, 18 - baixo",Lugo,Lugo,27004,982227854,CPR,43.0153617858887,-7.56025457382202,Privada,Non,Non
27020628,EOI de Viveiro Luz Pozo Garza,"Rúa  Lavandeira, s/n - 1º",Viveiro,Lugo,27863,982551745,EOI,43.6762847900391,-7.5899863243103,Pública,Non,Si
27020677,CPR Dioptra,"Praza Conde Fontao, 4 - baixo",Lugo,Lugo,27003,982284361,CPR,43.0149612426758,-7.55256414413452,Privada,Non,Non
27020689,ESMU Municipal  da Pastoriza,Pastoriza (O Salvador),A Pastoriza,Lugo,27287,982332200,ESMU,43.3015556335449,-7.34931707382202,Pública,Non,Non
27020690,EOI de Ribadeo,Casa Casa do Óptico,Ribadeo,Lugo,27700,982129657,EOI,43.5382347106934,-7.05017566680908,Pública,Non,Si
27020707,CDAN Conservatorio Profesional de Danza,Rúa Músico Xosé Castiñeira 3,Lugo,Lugo,27002,982284704,CDAN,42.9997520446777,-7.54625558853149,Pública,Non,Si
27020744,CEMU Galén,Rúa XIAN 8,Lugo,Lugo,27003,,CEMU,43.0210266113281,-7.58563041687012,Privada,Non,Non
27020756,CPR TIC,Rúa Frei Plácido Rey Lemos s/n,Lugo,Lugo,27004,982284667,CPR,43.0070457458496,-7.56065893173218,Privada,Non,Non
27020771,ESMU Municipal de Meira,Rúa AGRA s/n,Meira,Lugo,27240,,ESMU,43.2145271301269,-7.29588747024536,Pública,Non,Non
27020781,ESMU Municipal de Taboada,Avenida DE LUGO 59,Taboada,Lugo,27550,,ESMU,42.7172508239746,-7.7629246711731,Pública,Non,Non
27020793,CIFP Porta da Auga,Avenida LUARCA,Ribadeo,Lugo,27700,982128894,CIFP,43.5356712341309,-7.05116271972656,Pública,Non,Si
27020801,CEIP Plurilingüe de Monterroso,Barrio dos Piñeiros 9,Monterroso,Lugo,27560,982828210,CEIP,-7.83126449600002,42.799545288,Pública,Non,Si
27020811,EPAPU de Bonxe,Lugar de Bonxe,Outeiro de Rei,Lugo,27153,982393218,EPAPU,43.1035346984863,-7.58159637451172,Pública,Non,Si
27020823,EPAPU de Monterroso,Estrada de Vegadeo-Pontevedra,Monterroso,Lugo,27568,982377043,EPAPU,42.8102798461914,-7.77134656906128,Pública,Non,Si
27020835,ESMU de Pontenova,Rúa Estación,A Pontenova,Lugo,27720,-,ESMU,43.3482322692871,-7.19130277633667,Pública,Non,Non
27020847,ESMU Municipal Samoeiro,Avenida OUTEIRO s/n,A Pobra do Brollón,Lugo,27330,980430061,ESMU,42.5496711730957,-7.39443874359131,Pública,Non,Non
27020859,CEIP Península da Paz,Estrada Río Covo s/n,Cervo,Lugo,27890,982829250,CEIP,43.6896591186523,-7.4417028427124,Pública,Non,Si
27020860,CPR Waldorf Meniñeiros,Rúa Donas,Friol,Lugo,27299,687500624,CPR,43.0188217163086,-7.71366834640503,Privada,Non,Non
27020872,ESMU Municipal de Xove,Camiño Real,Xove,Lugo,27870,982592001,ESMU,43.6859359741211,-7.50909090042114,Pública,Non,Non
27020884,EMUSPR Fábrica de Sons,Rúa Paxariños 45 Baixo,Lugo,Lugo,27002,,EMUSPR,43.0100326538086,-7.55021715164185,Privada,Non,Non
27020896,ESMU Municipal de Rábade,Rúa Alcalde José Penas s/n,Rábade,Lugo,27370,,ESMU,-7.62235498400003,43.12071991,Pública,Non,Non
27020902,IES de Ribadeo Dionisio Gamallo,Avenida América 1,Ribadeo,Lugo,27700,982870666,IES,43.5374565124512,-7.0512809753418,Pública,Non,Si
27020914,CPR Paso a Paso Formación,Rúa Montero Ríos 86 Baixo,Lugo,Lugo,27002,982062062,CPR,-7.54750013400002,43.003787994,Privada,Non,Non
27020926,CAD Tándem,Avenida Cervantes s/n,Viveiro,Lugo,27850,677015620,CAD,43.6630516052246,-7.59447193145752,Privada,Non,Non
27020938,ESMU Municipal de Lugo,Rúa Quiroga Ballesteros s/n 1º andar,Lugo,Lugo,27001,,ESMU,43.0123138427734,-7.55837202072144,Pública,Non,Non
27020941,ESMU Municipal de Monterroso,Rúa Poeta Lorenzo Varela s/n,Monterroso,Lugo,27560,,ESMU,42.7943687438965,-7.83379173278809,Pública,Non,Non
27020951,ESMU Municipal de Begonte,Avenida de Galicia 104,Begonte,Lugo,27373,,ESMU,-7.68811559699998,43.152317047,Pública,Non,Non
27020963,ESMU Municipal de Outeiro de Rei,Lugar Penelas 16,Outeiro de Rei,Lugo,27154,,ESMU,-7.601190567,43.090328217,Pública,Non,Non
27020975,EMUSPR Casa da Música de Chantada,Praza de Galicia 1,Chantada,Lugo,27500,,EMUSPR,-7.76839093000001,42.609674343,Privada,Non,Non
27020987,CAD Drocer,Calzada Xián 8,Lugo,Lugo,27003,,CAD,43.0215187072754,-7.58166408538818,Privada,Non,Non
27020999,CPR A Mariña,Avenida Arcadio Pardiñas 44,Burela,Lugo,27880,,CPR,-7.36273839500001,43.660878803,Privada,Non,Non
27021001,CPR Fundación Laboral de la Construcción,Lugar San Xoán do Alto s/n,Lugo,Lugo,27232,982254578,CPR,42.984691619873,-7.59007549285889,Privada,Non,Non
27021013,CEMU Profesional Terra Chá,Rúa José María Fernández Piñeiro s/n,Begonte,Lugo,27371,,CEMU,-7.622139527,43.120527207,Privada,Non,Non
27021025,CPR Estudios Rafer,Rúa Pena do Rei 4 baixo,Lugo,Lugo,27002,,CPR,-7.55036792800001,43.004753883,Privada,Non,Non
27601509,EPAPU Albeiros,Parque da Milagrosa s/n,Lugo,Lugo,27003,982828106,EPAPU,43.0224075317383,-7.56232213973999,Pública,Non,Si
